id;status;payment_status;order_id;order_delivery_status
89fae84b-1f10-4cdc-95de-7f7778809ecb;natural yuck till;regarding energetically;rout;even
aedc6581-4d8d-4de6-a675-662542b18a22;furthermore silk;for;neglected wherever beside;except another
49495341-dbb4-4f7e-9850-83201dc587fc;finally;vision towards inasmuch;outstanding whereas;grandiose when
ebad80be-70d5-400f-b56a-2acdb65e2ddd;an yahoo youthful;excepting once;yowza phooey everlasting;mindless drat
e06aec89-12ea-4879-95b5-d2ae8efc194b;um;yearningly till;zowie;accelerator duh
bab7bb88-ab21-4dc6-b177-6794673cebdd;at above resolve;tapioca with inside;lest opposite dicker;miskey
02e66c9d-09b1-4433-b95f-f94688f00aa3;divine yowza athletic;owlishly;super biodegrade wilt;inwardly dense terribly
a192ece5-d86b-40bb-a826-0dbfbd2b860d;minor indeed as;insolence dwell than;phooey;while
1fca2ad4-4c5c-46a3-a2a0-8cc7d8ac1aeb;cappelletti;upon likewise and;whose;commonly
565fbb93-83fa-44c3-a3fa-069ebfd248b0;pfft incidentally off;across;glorious;knickers
