id;name
1d24333a-3dec-4aff-a1e8-2e9478d59730;drive
29537af5-0e26-43e3-8913-e5eace13b363;ah turbulent pike
34a8e63d-2e7c-4255-9a11-044906489abc;geez
5c499db6-bcfc-4139-a9b8-0de77c8d33c5;responsibility
1d06f8ea-96e7-4708-aa4f-61814db2376c;edge awareness
ec1d0acf-e8c7-43d6-b95b-841360061456;for after
ba389a0b-363a-48ce-893f-4d8b76494a79;ditch whoa
989bc5e6-9a90-40c6-8ebc-5be1376202f9;tomorrow adviser hard-to-find
6091be1f-d6a8-4576-9110-ab79ec1ca5ae;unlike
4c46441c-521b-414a-bd17-899cf72cee43;next masterpiece
